1,Andrey O'Hollegan,aohollegan0@narod.ru,GkKI2cosWMWo,11/06/2016,Czech Republic

2,Carri McCluskey,cmccluskey1@wikia.com,fxHkH4,12/01/2017,Philippines

3,Glory Attwoul,gattwoul2@irs.gov,uKPe4EGua,02/12/2017,Sweden

4,Jenny Noble,jnoble3@google.com,UjLMO5L50V,07/03/2016,Indonesia

5,Grange McBain,gmcbain4@marriott.com,rtpaDX,20/06/2018,Nigeria

6,Keene Howe,khowe5@mayoclinic.com,Gok0t1MtI,10/05/2016,United States

7,Geoffrey Huffy,ghuffy6@uol.com.br,pfEsK1TR,11/09/2017,Brazil

8,Ric Tetley,rtetley7@angelfire.com,BCdGHaDB6,04/03/2018,China

9,Winfred McGeaney,wmcgeaney8@cornell.edu,8nwCOoMA,20/01/2018,China

10,Maddi Bushell,mbushell9@craigslist.org,pWwcbaGS,25/04/2018,Indonesia

11,Dorita Gauntley,dgauntleya@ibm.com,vwQcXoSQ8f,05/03/2017,Palestinian Territory

12,Tod Collins,tcollinsb@godaddy.com,7ZecOJ1CluzQ,03/07/2018,Guatemala

13,Malorie Richie,mrichiec@epa.gov,gcGWSRzX3T,23/09/2017,Poland

14,Barn Phillott,bphillottd@bbb.org,yLZgVsdgremU,03/07/2016,Thailand

15,Naoma Holdin,nholdine@ibm.com,i3P65mLIEOf,18/03/2016,Canada

16,Carey Smorthit,csmorthitf@latimes.com,8HnNhWk8ll,13/08/2018,Indonesia

17,George Kabisch,gkabischg@sciencedaily.com,1UGMWYwPON,02/06/2016,Bulgaria

18,Candra Poore,cpooreh@weather.com,uqpIraF88V9i,27/11/2017,China

19,Tybi Bonnick,tbonnicki@yellowpages.com,9hzX6XH2,05/07/2018,China

20,Constantine Swaysland,cswayslandj@myspace.com,M5qx5pR,10/08/2017,Indonesia

21,Micheal Gail,mgailk@google.com.au,aY9Cciv,20/11/2016,Honduras

22,Annamaria Faill,afailll@ted.com,MBhGTlE,07/06/2018,United States

23,Patrice Ionn,pionnm@ucsd.edu,8fS11X2,01/01/2018,China

24,Ernesta Simmers,esimmersn@slashdot.org,ZF9F4Kwh1k,06/11/2017,Sierra Leone

25,Kristofer Fibbit,kfibbito@salon.com,C56Tp0aX,12/10/2016,Indonesia

26,Odette Derobert,oderobertp@blog.com,a42bRKKpTdmy,21/05/2018,Ukraine

27,Nealon Drohan,ndrohanq@1688.com,d7NRACGs,14/02/2016,Brazil

28,Tadeo Roddick,troddickr@woothemes.com,zMfULI,02/03/2018,Portugal

29,Garwin Kedslie,gkedslies@un.org,Z52SHdEd,02/09/2016,Sweden

30,Josie Morena,jmorenat@guardian.co.uk,GHqeMuu,15/05/2016,Brazil

31,Will Timmens,wtimmensu@drupal.org,5WKHNNIa,30/05/2016,Croatia

32,Klaus Loads,kloadsv@taobao.com,HqhReUP,03/07/2018,Kazakhstan

33,Dinny Showering,dshoweringw@alibaba.com,T1Oj5kcw,30/12/2018,Russia

34,Bret Liles,blilesx@wordpress.org,Q8WoE2a,23/02/2016,Tanzania

35,Skye Cordeau],scordeauy@nytimes.com,iOYt52fm,25/09/2017,Paraguay

36,Elwin Feldberg,efeldbergz@china.com.cn,GYncO0krBDHk,26/09/2017,Kazakhstan

37,Percival Barr,pbarr10@mashable.com,KbmZddmrA,06/02/2016,China

38,Danielle Gibson,dgibson11@a8.net,3z3aNjc0dy,18/02/2017,Germany

39,Allx Gonzalvo,agonzalvo12@bravesites.com,GGcPBLkTFTcX,29/01/2018,Saudi Arabia

40,Waldo Keggins,wkeggins13@flickr.com,OHOn08xYjlE,01/01/2018,Indonesia

41,Jasper Goodnow,jgoodnow14@cnet.com,BddmDIysSMw,04/02/2016,Indonesia

42,Marybeth Picton,mpicton15@networksolutions.com,4bI5pn,14/11/2017,Philippines

43,Elfrieda Canedo,ecanedo16@vk.com,kQEPhhnIc,03/10/2018,Peru

44,Marc Crisell,mcrisell17@addtoany.com,07FFpo,04/05/2016,China

45,Rhoda Aickin,raickin18@businessweek.com,t8OKnYbMta,27/09/2017,Poland

46,Lucien Morit,lmorit19@indiegogo.com,e9SBykpf,10/06/2016,Pakistan

47,Christean Spowage,cspowage1a@techcrunch.com,SRgoD5Rac,06/11/2017,Indonesia

48,Averyl Pinwill,apinwill1b@dagondesign.com,Bx19YV5e,24/05/2016,Indonesia

49,Ty Oxherd,toxherd1c@google.com.au,bePQv0R,30/08/2018,Norway

50,Prudence Goddert.sf,pgoddertsf1d@instagram.com,Wn421qf,28/12/2018,Czech Republic

51,Marysa Atger,matger1e@forbes.com,IF5GiH,24/09/2016,Haiti

52,Carmelle Parmenter,cparmenter1f@qq.com,Qz0KhnRL,04/04/2018,China

53,Morton Yakobowitz,myakobowitz1g@networksolutions.com,cCthTay,31/08/2018,Spain

54,Davis Pepon,dpepon1h@zimbio.com,kN6pUe,25/02/2016,Czech Republic

55,Sharline Sings,ssings1i@sakura.ne.jp,pHxcjobs,08/06/2016,Philippines

56,Cointon Kennealy,ckennealy1j@geocities.com,0mirsTq,12/09/2016,Mexico

57,Liane Jindacek,ljindacek1k@noaa.gov,Y3O7yyQAo1,09/07/2017,Liberia
58,Hollis Yurtsev,hyurtsev1l@aol.com,h5i62Q9Ixrwl,18/08/2018,Russia

59,Verna Stanmore,vstanmore1m@nsw.gov.au,vyqAzxgH,15/07/2018,Portugal

60,Lucia Vinden,lvinden1n@wunderground.com,I8PY4sHA8e,25/12/2016,Poland

61,Arne Sheward,asheward1o@etsy.com,ez1eggIubcd,21/07/2018,Indonesia

62,Hamel Fouch,hfouch1p@baidu.com,0vHvcg7w,21/07/2016,Zimbabwe

63,Waylon Ducarne,wducarne1q@columbia.edu,z2fNvrsj,14/05/2016,Brazil

64,Willy Dumbrall,wdumbrall1r@comsenz.com,0tkADcsN,07/02/2017,Russia

65,Lorena Allderidge,lallderidge1s@discuz.net,fY4T96LMC7,08/11/2018,South Africa

66,Lauritz Axby,laxby1t@springer.com,MSm519Rhc3jR,31/10/2016,Brazil

67,Aldric Conradie,aconradie1u@techcrunch.com,FxUmx8,10/11/2016,China

68,Uta Willetts,uwilletts1v@ning.com,5eImoasH,29/12/2016,Russia

69,Kermy Champneys,kchampneys1w@ucla.edu,XAqYqFIcr,11/03/2017,Malta

70,Chloris D'Alesio,cdalesio1x@imgur.com,onFGLPy,17/03/2018,Indonesia

71,Paulo Capin,pcapin1y@stanford.edu,b2VpJ0mzr,12/07/2016,Brazil

72,Austina Dovydenas,adovydenas1z@macromedia.com,K7Izh0,16/11/2018,Japan

73,Dwain Hearson,dhearson20@lycos.com,Yzi9P5hLfBH6,18/07/2017,Indonesia
74,Colby Tyres,ctyres21@cornell.edu,SmFd01WEZ,30/04/2018,Ukraine

75,Smitty McNair,smcnair22@arizona.edu,zF4uJnzt1XZa,16/01/2016,Indonesia

76,Franni Daniele,fdaniele23@mashable.com,OsOpccZ,14/04/2016,Russia

77,Glynda Hollyland,ghollyland24@tamu.edu,RnTmgjI8r,31/01/2016,Philippines

78,Crysta Melpuss,cmelpuss25@live.com,YDPBI3SEYR,17/06/2017,Jamaica

79,Fulvia Quodling,fquodling26@tinypic.com,vVIaSuxOQ,06/05/2016,Egypt

80,Gussy Yeowell,gyeowell27@domainmarket.com,Lxoo79STZnG8,11/04/2016,Brazil

81,Winifield Cotillard,wcotillard28@indiegogo.com,SeDZJ5,11/06/2017,China

82,Olivette Yankeev,oyankeev29@hibu.com,NmbNKDvqLodH,01/09/2018,United Kingdom

83,Erwin Allicock,eallicock2a@gravatar.com,riYuwa,23/04/2016,Thailand

84,Sydel Redolfi,sredolfi2b@gravatar.com,0Rp62tizQ1S,04/10/2016,China

85,Dawn Whitehall,dwhitehall2c@google.pl,zh66RKpKf4,03/02/2018,Brazil

86,Vern Scuffham,vscuffham2d@cargocollective.com,XLsluDcNSa,27/10/2016,Brazil

87,Joice Donwell,jdonwell2e@uol.com.br,xJ0HjLeebXoG,11/10/2017,Portugal

88,Corrie Ferrieres,cferrieres2f@usatoday.com,iDgxxfvuKr,13/12/2016,China

89,Salmon Woolveridge,swoolveridge2g@cdc.gov,soxMuxDQVW,17/04/2018,Peru

90,Madge Wabe,mwabe2h@seesaa.net,oVy8OPrI,27/07/2016,Philippines

91,Othelia Walshaw,owalshaw2i@mashable.com,3CJ5fM,26/04/2018,Angola

92,Marje Levecque,mlevecque2j@army.mil,CX3F0EZ5yE,24/10/2018,Brazil

93,Mendie Massinger,mmassinger2k@cornell.edu,5ZwdrQu7g,06/10/2018,Argentina

94,Joyann Harg,jharg2l@china.com.cn,4MvWTvQfU,18/10/2016,China

95,Sancho Chafer,schafer2m@symantec.com,jNKJAhWM,06/09/2018,Poland

96,Roley Bleaden,rbleaden2n@last.fm,aF5SnDX,27/04/2017,United States

97,Seymour Haldin,shaldin2o@theatlantic.com,gub4tv17,13/10/2018,Sweden

98,Phineas Conen,pconen2p@squidoo.com,30gll1Z,16/08/2016,Spain

99,Oswald Goodwins,ogoodwins2q@sogou.com,lLLtK55RVoe,01/04/2016,Thailand

100,Arabelle Casarini,acasarini2r@walmart.com,N50aqCl,03/01/2018,Brazil

101,Holden Giannotti,hgiannotti2s@edublogs.org,62XTtHysOWSr,24/11/2018,China

102,Erhart Suttle,esuttle2t@nasa.gov,jdCenrU2,17/02/2018,Iran
103,Zita Ladley,zladley2u@house.gov,TH9Hp5z,30/04/2017,Syria

104,Nissa Olyfat,nolyfat2v@godaddy.com,7OPjBqGKabx,13/05/2017,China

105,Barney Heake,bheake2w@foxnews.com,9G6mEZKw,19/06/2017,Kyrgyzstan

106,Lalo Mustard,lmustard2x@cyberchimps.com,X1sQJ9hQB0,21/09/2016,China

107,Didi Forsaith,dforsaith2y@sphinn.com,0EBUsx5,21/08/2017,China

108,Allie Tunnicliffe,atunnicliffe2z@amazon.com,9KIcbuz,12/07/2016,Portugal

109,Gerry Senechell,gsenechell30@gravatar.com,8du38XjxGgPg,18/08/2018,China

110,Hazel O'Hingerty,hohingerty31@wikia.com,QAvnmepnTxV,18/10/2017,Czech Republic

111,Rozalie Lefley,rlefley32@cisco.com,I5nhv7gN,18/09/2018,Brazil

112,Bax Nelmes,bnelmes33@techcrunch.com,EPEPsD,19/03/2018,United States

113,Cathee Carek,ccarek34@cbc.ca,pTlPJKIDWyrr,14/08/2017,Czech Republic

114,Derby Shepcutt,dshepcutt35@woothemes.com,0fSPp8GkbAaV,25/08/2016,Tanzania

115,Anatol Lamba,alamba36@mapquest.com,y5Dhn17,27/07/2017,France

116,Marcelle Hanham,mhanham37@fastcompany.com,ZOSt6t9DXJu,07/02/2017,Portugal

117,Koralle Spurgeon,kspurgeon38@mysql.com,ByiNlG3Ki,14/07/2017,Poland

118,Janaya Soanes,jsoanes39@constantcontact.com,lJw7eJeBEa,10/03/2018,China

119,Delia Meadows,dmeadows3a@aol.com,y5bowkHG3X,29/03/2017,China

120,Perceval Seres,pseres3b@webnode.com,1HoU2z,22/05/2018,Sweden

121,Kip Searby,ksearby3c@list-manage.com,Q2yTatX5e,17/05/2017,Indonesia

122,Alva Clows,aclows3d@tmall.com,jYjK68,11/01/2017,Brazil

123,Suzanne Gahan,sgahan3e@bizjournals.com,rrSmAl,08/05/2018,Philippines

124,Lotty Jeacock,ljeacock3f@army.mil,L3vm6S,02/09/2017,Indonesia

125,Corette Hallum,challum3g@netvibes.com,rBT3yTx,07/09/2016,Bolivia

126,Nealon Elloit,nelloit3h@zimbio.com,rlXEXOQiU5tj,23/05/2018,Czech Republic

127,Nahum Rottgers,nrottgers3i@aol.com,k3GWUBx39ijA,26/04/2016,Syria
128,Amerigo Kos,akos3j@angelfire.com,fRL3KiI,07/02/2018,Norway

129,Eveline Triggs,etriggs3k@desdev.cn,TzwpeMHYy,16/06/2017,France

130,Mella Jacmar,mjacmar3l@nature.com,I4bTMLgtt,18/08/2017,Guatemala
131,Bevin Burriss,bburriss3m@taobao.com,fSUSfxGN0,28/06/2017,Ecuador

132,Jennica Beumant,jbeumant3n@dailymail.co.uk,j6Tl9iu0,24/12/2018,Montserrat

133,Kelila Quipp,kquipp3o@hhs.gov,rybHUvGzgDC,12/05/2017,Ukraine

134,Yank Glamart,yglamart3p@toplist.cz,MuDpIT,02/12/2018,Sweden

135,Harriett Morter,hmorter3q@google.fr,qgWp2kRn,05/10/2018,Brazil

136,Taffy Enrique,tenrique3r@skype.com,svIbUNT0jz,05/05/2016,Peru

137,Yoshiko Goforth,ygoforth3s@blogs.com,At36jS,16/11/2017,Russia

138,Tiebout Francescone,tfrancescone3t@wisc.edu,6RdiTe5pL,15/01/2016,Czech Republic

139,Helga Kristof,hkristof3u@imgur.com,Cl1oHQpWlid,09/06/2017,China

140,Jorge McNuff,jmcnuff3v@deliciousdays.com,t7aOWyLWU,30/08/2016,Sweden

141,Raven Tungay,rtungay3w@usgs.gov,BOOIep74,03/10/2016,China

142,Alexina Acome,aacome3x@xinhuanet.com,bf5ADEO,14/02/2018,Canada

143,Roshelle Ducarne,rducarne3y@buzzfeed.com,0y4acSTx,11/08/2018,Kazakhstan

144,Frederic Commin,fcommin3z@booking.com,KnGkn0ZV,05/06/2016,Maldives

145,Johannah Hamby,jhamby40@vimeo.com,7fp2hDI,23/08/2017,China

146,Morgun Aguirre,maguirre41@vkontakte.ru,d8r97K,04/01/2018,Bosnia and Herzegovina

147,Alex Salters,asalters42@telegraph.co.uk,AOZUWxuS,03/06/2017,Sweden

148,Vinson McCoveney,vmccoveney43@paginegialle.it,TbY5IgsFXDG,28/10/2017,Tanzania

149,Stephani Chominski,schominski44@chron.com,Qo2mQqta,24/09/2016,Portugal

150,Jenilee Reaveley,jreaveley45@dedecms.com,DGp47tm,03/02/2016,Ukraine

151,Shaylyn Rohloff,srohloff46@wiley.com,9wM9tto,15/06/2016,Philippines

152,Devi Broz,dbroz47@t-online.de,FXBxWy,12/03/2016,Sweden

153,Claudia Crichten,ccrichten48@ovh.net,yk7Lt6WoQ,16/09/2018,Brazil

154,Daisy Pavlik,dpavlik49@mapy.cz,1KAWj2wM,13/10/2018,Czech Republic

155,Allayne Burrus,aburrus4a@wikia.com,bhxOx1OupFB,02/05/2016,Tunisia

156,Estevan Fossord,efossord4b@java.com,gsoYPd,25/02/2017,Indonesia

157,Kaine Dankersley,kdankersley4c@geocities.com,HanjkTbXuYmv,17/11/2016,Mayotte

158,Dalston Studholme,dstudholme4d@pinterest.com,T00QpP,13/01/2018,Philippines

159,Sean Risbie,srisbie4e@mozilla.org,yhirJUX,14/07/2017,Poland

160,Gabriel Bratley,gbratley4f@sciencedirect.com,AXQ3ZkO,14/04/2016,China

161,Bondon Scotson,bscotson4g@ebay.co.uk,WGCY391xr8ZO,08/12/2018,Czech Republic

162,Malena Slatten,mslatten4h@sciencedaily.com,wXWc5Eu9Ez,01/02/2018,Paraguay

163,Kliment Catlin,kcatlin4i@usgs.gov,5GEKRyA,11/08/2017,Indonesia

164,Clarie Feyer,cfeyer4j@geocities.com,WP8BuuY,05/01/2017,Indonesia

165,Wilek Adao,wadao4k@mediafire.com,2xwc6LDqxNsj,26/10/2018,Sweden

166,Ealasaid Dorton,edorton4l@desdev.cn,60RS9y,03/02/2018,France

167,Eleen Kinastan,ekinastan4m@drupal.org,xMIUnuy,14/04/2017,South Africa

168,Barry Theseira,btheseira4n@fc2.com,D8RvA5,12/02/2016,Democratic Republic of the Congo

169,Willi Fenemore,wfenemore4o@qq.com,Dka8K4MgUae,26/10/2016,Japan

170,Obadias Hailwood,ohailwood4p@cnn.com,6xqScDLEKf,16/10/2017,Brazil

171,Sukey Montacute,smontacute4q@yolasite.com,rDeNwXe62y,06/09/2018,Greece

172,Trefor Haney,thaney4r@hc360.com,8e97dL6qYa,29/12/2017,Czech Republic

173,Constantine Di Pietro,cdi4s@opensource.org,J5Jjkdz,30/12/2018,Indonesia

174,Neale Jorat,njorat4t@studiopress.com,f8CAUp,17/12/2017,Pakistan

175,Leonora Carnduff,lcarnduff4u@dion.ne.jp,wzjqeXkY,10/03/2016,Sweden

176,Morrie Duffitt,mduffitt4v@diigo.com,lEYhgQykWm6,26/02/2018,Sweden

177,Doralynne Brusin,dbrusin4w@seesaa.net,N3IscrSH,27/07/2017,United States

178,Malchy Kellert,mkellert4x@wunderground.com,tVaZGvf,25/07/2018,China

179,Zebulen Markwell,zmarkwell4y@qq.com,QNqR8Hh,17/02/2018,France

180,Silva Poyzer,spoyzer4z@twitter.com,Ee4D9UB,10/05/2018,Brazil

181,Carola Tonsley,ctonsley50@themeforest.net,fE4wKEMfC29,15/11/2018,China

182,Wernher Schurig,wschurig51@studiopress.com,7YuXPrpzf,10/02/2017,Brazil

183,Carmelina Gorton,cgorton52@dedecms.com,Efj4Et,04/05/2016,Russia

184,Bobbye O'Cuddie,bocuddie53@mysql.com,ujDQZ8,20/11/2016,Afghanistan

185,Susie le Keux,sle54@loc.gov,lAQdM6,22/05/2017,Ukraine

186,Jakie Viall,jviall55@wsj.com,tave0DHykac,28/04/2016,Serbia

187,Lock Waylett,lwaylett56@rediff.com,Sr4ktyZobe,02/05/2018,China

188,Rainer Bedford,rbedford57@youku.com,IPVvRxuk50,24/05/2016,China

189,Eli Bogie,ebogie58@example.com,iLt802T,05/01/2017,China
190,Dotti O'Logan,dologan59@cnbc.com,ax8rrInV,05/02/2018,China

191,Nicola Pariss,npariss5a@bbc.co.uk,eWKtRozBPZw,16/03/2018,Philippines

192,Orv Robelin,orobelin5b@indiegogo.com,R1wBpaAoSL,30/03/2017,Australia

193,Adella Shipton,ashipton5c@facebook.com,X09E3XLF3zg,03/04/2016,Brazil

194,Adiana Hearmon,ahearmon5d@hud.gov,MTDGl3qZl,23/07/2016,Indonesia

195,Annice Hebblewhite,ahebblewhite5e@webeden.co.uk,yXi9r9kecA,02/09/2018,Thailand

196,Jessi Syson,jsyson5f@xrea.com,S5LyK64,23/09/2018,China

197,Devin Cousins,dcousins5g@delicious.com,le9udZ,03/12/2018,Israel

198,Hazel Doxey,hdoxey5h@freewebs.com,P0YwYJS,29/04/2018,France

199,Marcus Bole,mbole5i@hp.com,lflCNDAFbtI,18/06/2016,United States

200,Julius Edgett,jedgett5j@newyorker.com,1zZK5VPhhWDw,02/02/2018,France
